Id;NomeIta;NomeEng;Rarity;MaxLevel;Val1;GenAtk_A;GenDef_A;GenAtk_D;GenDef_D;CampiAtk_A;CampiDef_A;CampiAtk_D;CampiDef_D;SpedAtk_A;SpedDef_A;SpedAtk_D;SpedDef_D;PF;Beni;BeniP;abilityIta;abilityEng;Tipo;EvoValor;VenditaValor
spartan_soldier;Soldato Spartano;Spartan Soldier;1;100;35;1;;;;;;;;;;;;;;;;;M;200;50
spartan_soldier;Soldato Spartano;Spartan Soldier;2;100;35;;;;;1;1;;;;;;;;;;;;M;300;75
spartan_soldier;Soldato Spartano;Spartan Soldier;3;100;35;;;;;;1;;;;;;;;;;;;M;400;100
spartan_soldier;Soldato Spartano;Spartan Soldier;4;100;35;;;;;;;;;1;;;;;;;;;M;600;150
spartan_soldier;Soldato Spartano;Spartan Soldier;5;100;45;;1;;;;;;;;;;;;;;;;M;800;200
alexander;Alessandro il Grande;Alexander the Great;1;100;25;1;;;;;;;;;;;;;;;;;M;200;50
alexander;Alessandro il Grande;Alexander the Great;2;100;25;;;;;1;;;;;;;;;;;;;M;300;75
alexander;Alessandro il Grande;Alexander the Great;3;100;25;;;;;1;1;;;;;;;;;;;;M;400;100
alexander;Alessandro il Grande;Alexander the Great;4;100;35;1;;;;;;;;;;;;;;;;;M;600;150
alexander;Alessandro il Grande;Alexander the Great;5;100;45;;;;1;;;;;;;;;;;;;;M;800;200
arminius;Arminio;Arminius;1;100;25;;;;;1;1;;;;;;;;;;;;M;200;50
arminius;Arminio;Arminius;2;100;25;;;;;;1;;;;;;;;;;;;M;300;75
arminius;Arminio;Arminius;3;100;25;;;;;1;;;;;;;;;;;;;M;400;100
arminius;Arminio;Arminius;4;100;35;;1;;;;;;;;;;;;;;;;M;600;150
arminius;Arminio;Arminius;5;100;45;1;;;;;;;;;;;;;;;;;M;800;200
boudicca;Boudica;Boudica;1;100;25;;;;;;;1;1;;;;;;;;;;M;200;50
boudicca;Boudica;Boudica;2;100;25;;;;;;;;1;;;;;;;;;;M;300;75
boudicca;Boudica;Boudica;3;100;25;;;;;;;1;;;;;;;;;;;M;400;100
boudicca;Boudica;Boudica;4;100;35;;;;1;;;;;;;;;;;;;;M;600;150
boudicca;Boudica;Boudica;5;100;45;;;1;1;;;;;;;;;;;;;;M;800;200
qin_shi_huang;Qin Shi Huang;Qin Shi Huang;1;100;25;;1;;;;;;;;;;;;;;;;M;200;50
qin_shi_huang;Qin Shi Huang;Qin Shi Huang;2;100;25;;;;;;;;;1;;;;;;;;;M;300;75
qin_shi_huang;Qin Shi Huang;Qin Shi Huang;3;100;25;;;;;;;;;;1;;;;;;;;M;400;100
qin_shi_huang;Qin Shi Huang;Qin Shi Huang;4;100;35;1;;;;;;;;;;;;;;;;;M;600;150
qin_shi_huang;Qin Shi Huang;Qin Shi Huang;5;100;45;;;;;;;;;1;1;;;;;;;;M;800;200
fu_hao;Fu Hao;Fu Hao;1;100;25;;;;1;;;;;;;;;;;;;;M;200;50
fu_hao;Fu Hao;Fu Hao;2;100;25;;;;;;;;;;;1;;;;;;;M;300;75
fu_hao;Fu Hao;Fu Hao;3;100;25;;;;;;;;;;;;1;;;;;;M;400;100
fu_hao;Fu Hao;Fu Hao;4;100;35;;;1;;;;;;;;;;;;;;;M;600;150
fu_hao;Fu Hao;Fu Hao;5;100;45;;;;;;;;;;;1;1;;;;;;M;800;200
ragnar_lodbrok;Ragnar Lodbrok;Ragnar Lodbrok;1;100;25;;;1;1;;;;;;;;;;;;;;M;200;50
ragnar_lodbrok;Ragnar Lodbrok;Ragnar Lodbrok;2;100;25;;;;;;;;;1;;;;;;;;;M;300;75
ragnar_lodbrok;Ragnar Lodbrok;Ragnar Lodbrok;3;100;25;;;;;;;;;;;1;1;;;;;;M;400;100
ragnar_lodbrok;Ragnar Lodbrok;Ragnar Lodbrok;4;100;35;;;;;;;;;;1;;;;;;;;M;600;150
ragnar_lodbrok;Ragnar Lodbrok;Ragnar Lodbrok;5;100;45;;;;;;;;;1;1;;;;;;;;M;800;200
freydis_eriksdottir;Freydis Eriksdottir;Freydis Eriksdottir;1;100;25;1;1;;;;;;;;;;;;;;;;M;200;50
freydis_eriksdottir;Freydis Eriksdottir;Freydis Eriksdottir;2;100;25;;;;;;;1;;;;;;;;;;;M;300;75
freydis_eriksdottir;Freydis Eriksdottir;Freydis Eriksdottir;3;100;25;;;;;1;1;;;;;;;;;;;;M;400;100
freydis_eriksdottir;Freydis Eriksdottir;Freydis Eriksdottir;4;100;35;;;;;1;;;;;;;;;;;;;M;600;150
freydis_eriksdottir;Freydis Eriksdottir;Freydis Eriksdottir;5;100;45;;;;;;;1;1;;;;;;;;;;M;800;200
artemisia_of_caria;Artemisia I di Caria;Artemisia I of Caria;1;100;25;1;;;;;;;;;;;;;;;;;M;200;50
artemisia_of_caria;Artemisia I di Caria;Artemisia I of Caria;2;100;25;;;;;;;;;;1;;;;;;;;M;300;75
artemisia_of_caria;Artemisia I di Caria;Artemisia I of Caria;3;100;25;;;;;1;;;;;;;;;;;;;M;400;100
artemisia_of_caria;Artemisia I di Caria;Artemisia I of Caria;4;100;35;;1;;;;;;;;;;;;;;;;M;600;150
artemisia_of_caria;Artemisia I di Caria;Artemisia I of Caria;5;100;45;;;;;;;;;1;1;;;;;;;;M;800;200
pompey_the_great;Pompeo il Grande;Pompey the Great;1;100;25;;;1;;;;;;;;;;;;;;;M;200;50
pompey_the_great;Pompeo il Grande;Pompey the Great;2;100;25;;;;;;;;;;;;1;;;;;;M;300;75
pompey_the_great;Pompeo il Grande;Pompey the Great;3;100;25;;;;;;;1;;;;;;;;;;;M;400;100
pompey_the_great;Pompeo il Grande;Pompey the Great;4;100;35;;;;1;;;;;;;;;;;;;;M;600;150
pompey_the_great;Pompeo il Grande;Pompey the Great;5;100;45;;;;;;;1;1;;;;;;;;;;M;800;200
septimia_zenobia;Septimia Zenobia;Septimia Zenobia;1;100;25;;;;;1;1;;;;;;;;;;;;M;200;50
septimia_zenobia;Septimia Zenobia;Septimia Zenobia;2;100;25;;;;;;;;;1;;;;;;;;;M;300;75
septimia_zenobia;Septimia Zenobia;Septimia Zenobia;3;100;25;;;1;;;;;;;;;;;;;;;M;400;100
septimia_zenobia;Septimia Zenobia;Septimia Zenobia;4;100;35;;;;;;;;;;1;;;;;;;;M;600;150
septimia_zenobia;Septimia Zenobia;Septimia Zenobia;5;100;45;;;;;;;;;;;1;1;;;;;;M;800;200
themistocles;Temistocle;Themistocles;1;100;25;;;;;;;1;1;;;;;;;;;;M;200;50
themistocles;Temistocle;Themistocles;2;100;25;;;;;;;;;;;1;;;;;;;M;300;75
themistocles;Temistocle;Themistocles;3;100;25;1;;;;;;;;;;;;;;;;;M;400;100
themistocles;Temistocle;Themistocles;4;100;35;;;;;;;;;;;1;;;;;;;M;600;150
themistocles;Temistocle;Themistocles;5;100;45;;;;;1;1;;;;;;;;;;;;M;800;200
bayinnaung;Bayinnaung;Bayinnaung;1;100;25;;;;;;;;;1;1;;;;;;;;M;200;50
bayinnaung;Bayinnaung;Bayinnaung;2;100;25;;;;;1;;;;;;;;;;;;;M;300;75
bayinnaung;Bayinnaung;Bayinnaung;3;100;25;1;;;;;;;;;;;;;;;;;M;400;100
bayinnaung;Bayinnaung;Bayinnaung;4;100;35;;;;;;;;;;;;1;;;;;;M;600;150
bayinnaung;Bayinnaung;Bayinnaung;5;100;45;;;;;;;;;1;1;;;;;;;;M;800;200
wisutthithewi;Wisutthithewi;Wisutthithewi;1;100;25;;;;;;;;;;;1;1;;;;;;M;200;50
wisutthithewi;Wisutthithewi;Wisutthithewi;2;100;25;;;;;;;1;;;;;;;;;;;M;300;75
wisutthithewi;Wisutthithewi;Wisutthithewi;3;100;25;;;1;;;;;;;;;;;;;;;M;400;100
wisutthithewi;Wisutthithewi;Wisutthithewi;4;100;35;;;;;;1;;;;;;;;;;;;M;600;150
wisutthithewi;Wisutthithewi;Wisutthithewi;5;100;45;;;;;;;1;1;;;;;;;;;;M;800;200
shajar_al_durr;Shajar al-Durr;Shajar al-Durr;1;100;25;;;;;1;1;;;;;;;;;;;;M;200;50
shajar_al_durr;Shajar al-Durr;Shajar al-Durr;2;100;25;;;;;;;;1;;;;;;;;;;M;300;75
shajar_al_durr;Shajar al-Durr;Shajar al-Durr;3;100;25;;;;;;;1;;;;;;;;;;;M;400;100
shajar_al_durr;Shajar al-Durr;Shajar al-Durr;4;100;35;;;;1;;;;;;;;;;;;;;M;600;150
shajar_al_durr;Shajar al-Durr;Shajar al-Durr;5;100;45;;;;;;;;;1;1;;;;;;;;M;800;200
saladin;Saladino;Saladin;1;100;25;;;;;;;1;1;;;;;;;;;;M;200;50
saladin;Saladino;Saladin;2;100;25;;;;;;1;;;;;;;;;;;;M;300;75
saladin;Saladino;Saladin;3;100;25;;;;;1;;;;;;;;;;;;;M;400;100
saladin;Saladino;Saladin;4;100;35;;1;;;;;;;;;;;;;;;;M;600;150
saladin;Saladino;Saladin;5;100;45;;;;;;;1;1;;;;;;;;;;M;800;200
tarabai;Maharani Tarabai;Maharani Tarabai;1;100;25;;;;1;;;;;;;;;;;;;;M;200;50
tarabai;Maharani Tarabai;Maharani Tarabai;2;100;25;;;;;;;;;;;1;;;;;;;M;300;75
tarabai;Maharani Tarabai;Maharani Tarabai;3;100;25;;;;;;;1;1;;;;;;;;;;M;400;100
tarabai;Maharani Tarabai;Maharani Tarabai;4;100;35;;;;;;;;1;;;;;;;;;;M;600;150
tarabai;Maharani Tarabai;Maharani Tarabai;5;100;45;;;;;;;;;;;1;1;;;;;;M;800;200
bajirao;Peshwa Bajirao I;Peshwa Bajirao I;1;100;25;1;;;;;;;;;;;;;;;;;M;200;50
bajirao;Peshwa Bajirao I;Peshwa Bajirao I;2;100;25;;;;;;1;;;;;;;;;;;;M;300;75
bajirao;Peshwa Bajirao I;Peshwa Bajirao I;3;100;25;;;;;;;;;1;1;;;;;;;;M;400;100
bajirao;Peshwa Bajirao I;Peshwa Bajirao I;4;100;35;;;;;1;;;;;;;;;;;;;M;600;150
bajirao;Peshwa Bajirao I;Peshwa Bajirao I;5;100;45;1;1;;;;;;;;;;;;;;;;M;800;200
nebuchadnezzar_ii;Nabucodonosor II;Nebuchadnezzar II;1;100;35;;;;;1;1;;;;;;;;;;;;M;200;50
nebuchadnezzar_ii;Nabucodonosor II;Nebuchadnezzar II;2;100;35;;;;;1;1;;;;;;;;;;;;M;300;75
nebuchadnezzar_ii;Nabucodonosor II;Nebuchadnezzar II;3;100;35;;;;;1;1;;;;;;;;;;;;M;400;100
nebuchadnezzar_ii;Nabucodonosor II;Nebuchadnezzar II;4;100;35;;;;;1;1;;;;;;;;;;;;M;600;150
nebuchadnezzar_ii;Nabucodonosor II;Nebuchadnezzar II;5;100;45;1;;;;;;;;;;;;;;;;;M;800;200
queen_melisende;Regina Melisenda;Queen Melisende;1;100;35;;;;;;;1;1;;;;;;;;;;M;200;50
queen_melisende;Regina Melisenda;Queen Melisende;2;100;35;;;;;;;1;1;;;;;;;;;;M;300;75
queen_melisende;Regina Melisenda;Queen Melisende;3;100;35;;;;;;;1;1;;;;;;;;;;M;400;100
queen_melisende;Regina Melisenda;Queen Melisende;4;100;35;;;;;;;1;1;;;;;;;;;;M;600;150
queen_melisende;Regina Melisenda;Queen Melisende;5;100;45;;;1;;;;;;;;;;;;;;;M;800;200
tamar;Tamar della Georgia;Tamar of Georgia;1;100;25;;;;1;;;;;;;;;;;;;;M;200;50
tamar;Tamar della Georgia;Tamar of Georgia;2;100;25;;;;;;;1;;;;;;;;;;;M;300;75
tamar;Tamar della Georgia;Tamar of Georgia;3;100;25;;;;;;;;;;;1;1;;;;;;M;400;100
tamar;Tamar della Georgia;Tamar of Georgia;4;100;35;;;;;;;;;;;1;;;;;;;M;600;150
tamar;Tamar della Georgia;Tamar of Georgia;5;100;45;;;1;1;;;;;;;;;;;;;;M;800;200
david_soslan;David Soslan;David Soslan;1;100;25;;1;;;;;;;;;;;;;;;;M;200;50
david_soslan;David Soslan;David Soslan;2;100;25;;;;;1;;;;;;;;;;;;;M;300;75
david_soslan;David Soslan;David Soslan;3;100;25;;;;;;;;;1;1;;;;;;;;M;400;100
david_soslan;David Soslan;David Soslan;4;100;35;;;;;;;;;1;;;;;;;;;M;600;150
david_soslan;David Soslan;David Soslan;5;100;45;1;1;;;;;;;;;;;;;;;;M;800;200
niall_noigiallach;Niall Noigiallach;Niall Noigiallach;1;100;10;;;;;;;;;1;1;;;;;;;;M;200;50
niall_noigiallach;Niall Noigiallach;Niall Noigiallach;2;100;15;;;;;;1;;;;;;;;;;;;M;300;75
niall_noigiallach;Niall Noigiallach;Niall Noigiallach;3;100;25;1;;;;;;;;;;;;;;;;;M;400;100
niall_noigiallach;Niall Noigiallach;Niall Noigiallach;4;100;35;;;;;1;1;;;;;;;;;;;;M;600;150
niall_noigiallach;Niall Noigiallach;Niall Noigiallach;5;100;45;;;;;;;;;1;1;;;;;;;;M;800;200
queen_medb;Regina Medb;Queen Medb;1;100;10;;;;;;;;;;;1;1;;;;;;M;200;50
queen_medb;Regina Medb;Queen Medb;2;100;15;;;;;;;;1;;;;;;;;;;M;300;75
queen_medb;Regina Medb;Queen Medb;3;100;25;;;1;;;;;;;;;;;;;;;M;400;100
queen_medb;Regina Medb;Queen Medb;4;100;35;;;;;;;;;1;1;;;;;;;;M;600;150
queen_medb;Regina Medb;Queen Medb;5;100;45;;;;;;;1;1;;;;;;;;;;M;800;200
gustavus_adolphus;Gustavo Adolfo;Gustavus Adolphus;1;100;10;;;;;;;1;1;;;;;;;;;;M;200;50
gustavus_adolphus;Gustavo Adolfo;Gustavus Adolphus;2;100;15;;;;;;;;;;;;1;;;;;;M;300;75
gustavus_adolphus;Gustavo Adolfo;Gustavus Adolphus;3;100;25;;;1;1;;;;;;;;;;;;;;M;400;100
gustavus_adolphus;Gustavo Adolfo;Gustavus Adolphus;4;100;35;;;;1;;;;;;;;;;;;;;M;600;150
gustavus_adolphus;Gustavo Adolfo;Gustavus Adolphus;5;100;45;;;1;;;;;;;;;;;;;;;M;800;200
tomoe_gozen;Tomoe Gozen;Tomoe Gozen;1;100;10;;;;;1;1;;;;;;;;;;;;M;200;50
tomoe_gozen;Tomoe Gozen;Tomoe Gozen;2;100;15;;;;;;;;;;1;;;;;;;;M;300;75
tomoe_gozen;Tomoe Gozen;Tomoe Gozen;3;100;25;1;1;;;;;;;;;;;;;;;;M;400;100
tomoe_gozen;Tomoe Gozen;Tomoe Gozen;4;100;35;;1;;;;;;;;;;;;;;;;M;600;150
tomoe_gozen;Tomoe Gozen;Tomoe Gozen;5;100;45;1;;;;;;;;;;;;;;;;;M;800;200
eric_bloodaxe;Eric Bloodaxe;Eric Bloodaxe;1;100;10;;;;;1;;;;;;;;;;;;;M;200;50
eric_bloodaxe;Eric Bloodaxe;Eric Bloodaxe;2;100;15;;;;;;;;;1;1;;;;;;;;M;300;75
eric_bloodaxe;Eric Bloodaxe;Eric Bloodaxe;3;100;25;;1;;;;;;;;;;;;;;;;M;400;100
eric_bloodaxe;Eric Bloodaxe;Eric Bloodaxe;4;100;35;;;;;1;1;;;;;;;;;;;;M;600;150
eric_bloodaxe;Eric Bloodaxe;Eric Bloodaxe;5;100;45;1;;;;;;;;;;;;;;;;;M;800;200
queen_gunnhild;La regina Gunnhild;Queen Gunnhild;1;100;10;;;;;;;1;;;;;;;;;;;M;200;50
queen_gunnhild;La regina Gunnhild;Queen Gunnhild;2;100;15;;;;;;;;;;;1;1;;;;;;M;300;75
queen_gunnhild;La regina Gunnhild;Queen Gunnhild;3;100;25;;;;1;;;;;;;;;;;;;;M;400;100
queen_gunnhild;La regina Gunnhild;Queen Gunnhild;4;100;35;;;;;;;1;1;;;;;;;;;;M;600;150
queen_gunnhild;La regina Gunnhild;Queen Gunnhild;5;100;45;;;1;;;;;;;;;;;;;;;M;800;200
king_arthur;Re Artù;King Arthur;1;100;5;;;;1;;;;;;;;;;;;;;M;200;50
king_arthur;Re Artù;King Arthur;2;100;10;;;1;;;;;;;;;;;;;;;M;300;75
king_arthur;Re Artù;King Arthur;3;100;6;;;;;;;;;;;;;;;;;;M;400;100
king_arthur;Re Artù;King Arthur;4;100;15;;;;;;;1;1;;;;;;;;;;M;600;150
king_arthur;Re Artù;King Arthur;5;100;0.42;;;;;;;;;;;;;;;;42%→75% Contatto! su 200 unità pesanti (Campi);42%→75% Contact! on 200 heavy units (Guild Battlegrounds);M;800;200
merlin;Merlino;Merlin;1;100;5;;;;;;;1;1;;;;;;;;;;M;200;50
merlin;Merlino;Merlin;2;100;10;;;;;1;1;;;;;;;;;;;;M;300;75
merlin;Merlino;Merlin;3;100;6;;;;;;;;;;;;;;;;;;M;400;100
merlin;Merlino;Merlin;4;100;15;;;;;1;1;1;1;;;;;;;;;;M;600;150
merlin;Merlino;Merlin;5;100;0.42;;;;;;;;;;;;;;;;42%→75% Volando su 200 unità a distanza (Campi);42%→75% Flying on 200 ranged units (Guild Battlegrounds);M;800;200
morgan_le_fay;Morgana;Morgan le Fay;1;100;5;1;;;;;;;;;;;;;;;;;M;200;50
morgan_le_fay;Morgana;Morgan le Fay;2;100;10;;1;;;;;;;;;;;;;;;;M;300;75
morgan_le_fay;Morgana;Morgan le Fay;3;100;6;;;;;;;;;;;;;;;;;;M;400;100
morgan_le_fay;Morgana;Morgan le Fay;4;100;15;;;;;1;1;;;;;;;;;;;;M;600;150
morgan_le_fay;Morgana;Morgan le Fay;5;100;0.17;;;;;;;;;;;;;;;;17%→50% MIRV su 200 artiglieria (Campi);17%→50% MIRV on 200 artillery (Guild Battlegrounds);M;800;200
louis_pasteur;Louis Pasteur;Louis Pasteur;1;100;5;;;;;1;;;;;;;;;;;;;M;200;50
louis_pasteur;Louis Pasteur;Louis Pasteur;2;100;10;;;;;;1;;;;;;;;;;;;M;300;75
louis_pasteur;Louis Pasteur;Louis Pasteur;3;100;6;;;;;;;;;;;;;;;;;;M;400;100
louis_pasteur;Louis Pasteur;Louis Pasteur;4;100;15;;;;;;;1;;;;;;;;;;;M;600;150
louis_pasteur;Louis Pasteur;Louis Pasteur;5;100;0.17;;;;;;;;;;;;;;;;17%→50% Armatura Reattiva su 75 unità a distanza (Campi);17%→50% Reactive Armor on 75 ranged units (Guild Battlegrounds);M;800;200
florence_nightingale;Florence Nightingale;Florence Nightingale;1;100;5;;;;1;;;;;;;;;;;;;;M;200;50
florence_nightingale;Florence Nightingale;Florence Nightingale;2;100;10;;;;;;;1;;;;;;;;;;;M;300;75
florence_nightingale;Florence Nightingale;Florence Nightingale;3;100;6;;;;;;;;;;;;;;;;;;M;400;100
florence_nightingale;Florence Nightingale;Florence Nightingale;4;100;15;;1;;;;;;;;;;;;;;;;M;600;150
florence_nightingale;Florence Nightingale;Florence Nightingale;5;100;0.42;;;;;;;;;;;;;;;;42%→75% Morale su 180 unità pesanti (ovunque);42%→75% Morale on 180 heavy units (all);M;800;200
miyamoto_musashi;Miyamoto Musashi;Miyamoto Musashi;1;100;5;;;;;1;;;;;;;;;;;;;M;200;50
miyamoto_musashi;Miyamoto Musashi;Miyamoto Musashi;2;100;10;1;;;;;;;;;;;;;;;;;M;300;75
miyamoto_musashi;Miyamoto Musashi;Miyamoto Musashi;3;100;6;;;;;;;;;;;;;;;;;;M;400;100
miyamoto_musashi;Miyamoto Musashi;Miyamoto Musashi;4;100;15;;;;;1;1;;;;;;;;;;;;M;600;150
miyamoto_musashi;Miyamoto Musashi;Miyamoto Musashi;5;100;0.17;;;;;;;;;;;;;;;;17%→50% Corpo a Corpo su 10 unità leggere (Campi);17%→50% Close Quarters on 10 light units (Guild Battlegrounds);M;800;200
nakano_takeko;Nakano Takeko;Nakano Takeko;1;100;5;;;;1;;;;;;;;;;;;;;M;200;50
nakano_takeko;Nakano Takeko;Nakano Takeko;2;100;10;;;1;;;;;;;;;;;;;;;M;300;75
nakano_takeko;Nakano Takeko;Nakano Takeko;3;100;6;;;;;;;;;;;;;;;;;;M;400;100
nakano_takeko;Nakano Takeko;Nakano Takeko;4;100;15;;;;;;;;;;;1;1;;;;;;M;600;150
nakano_takeko;Nakano Takeko;Nakano Takeko;5;100;0.12;;;;;;;;;;;;;;;;12%→45% Scava Trincee su 25 artiglieria (Spedizioni);12%→45% Dug in on 25 artillery (Guild Expeditions);M;800;200
matilda_of_tuscany;Matilde di Toscana;Matilda of Tuscany;1;100;5;;;;;1;1;;;;;;;;;;;;M;200;50
matilda_of_tuscany;Matilde di Toscana;Matilda of Tuscany;2;100;5;;;;;;;1;1;;;;;;;;;;M;300;75
matilda_of_tuscany;Matilde di Toscana;Matilda of Tuscany;3;100;6;;;;;;;;;;;;;;;;;;M;400;100
matilda_of_tuscany;Matilde di Toscana;Matilda of Tuscany;4;100;5;;;;1;;;;;;;;;;;;;;M;600;150
matilda_of_tuscany;Matilde di Toscana;Matilda of Tuscany;5;100;0.17;;;;;;;;;;;;;;;;17%→50% Veleno su 200 unità veloci (Campi);17%→50% Poison on 200 fast units (Guild Battlegrounds);M;800;200
fibonacci;Fibonacci;Fibonacci;1;100;15;;;;;;;;;;;;;60;;;;;S;200;50
fibonacci;Fibonacci;Fibonacci;2;100;35;;;;;;;;;;;;;;130;;;;S;300;75
fibonacci;Fibonacci;Fibonacci;3;100;70;;;;;;;;;;;;;;;200;;;S;400;100
fibonacci;Fibonacci;Fibonacci;4;100;75;;;;;;;;;;;;;;190;;;;S;600;150
fibonacci;Fibonacci;Fibonacci;5;100;36;;;;;;;;;;;;;140;;;;;S;800;200
jayavarman_vii;Jayavarman VII;Jayavarman VII;1;100;5;;;;;1;;;;;;;;;;;;;M;200;50
jayavarman_vii;Jayavarman VII;Jayavarman VII;2;100;25;;;1;;;;;;;;;;;;;;;M;300;75
jayavarman_vii;Jayavarman VII;Jayavarman VII;3;100;6;;;;;;;;;;;;;;;;;;M;400;100
jayavarman_vii;Jayavarman VII;Jayavarman VII;4;100;45;1;;;;;;;;;;;;;;;;;M;600;150
jayavarman_vii;Jayavarman VII;Jayavarman VII;5;100;0.17;;;;;;;;;;;;;;;;17%→50% Frenesia su 200 unità leggere (Campi);17%→50% Frenzy on 200 light units (Guild Battlegrounds);M;800;200
indradevi;Indradevi;Indradevi;1;100;20;;;;;;;;;;;;;;;120;;;S;200;50
indradevi;Indradevi;Indradevi;2;100;21;;;;;;;;;;;;;80;;;;;S;300;75
indradevi;Indradevi;Indradevi;3;100;55;;;;;;;;;;;;;;160;;;;S;400;100
indradevi;Indradevi;Indradevi;4;100;31;;;;;;;;;;;;;120;;;;;S;600;150
indradevi;Indradevi;Indradevi;5;100;120;;;;;;;;;;;;;;;280;;;S;800;200
margaret_i;Margherita I di Danimarca;Margaret I of Denmark;1;100;5;;;;;;;1;;;;;;;;;;;M;200;50
margaret_i;Margherita I di Danimarca;Margaret I of Denmark;2;100;10;1;;;;;;;;;;;;;;;;;M;300;75
margaret_i;Margherita I di Danimarca;Margaret I of Denmark;3;100;6;;;;;;;;;;;;;;;;;;M;400;100
margaret_i;Margherita I di Danimarca;Margaret I of Denmark;4;100;15;1;1;;;;;;;;;;;;;;;;M;600;150
margaret_i;Margherita I di Danimarca;Margaret I of Denmark;5;100;0.17;;;;;;;;;;;;;;;;17%→50% Tiro Potente su 200 unità pesanti (ovunque);17%→50% Power Shot on 200 heavy units (all);M;800;200
ernest_shackleton;Ernest Shackleton;Ernest Shackleton;1;100;20;;;;;;;;;;;;;;;120;;;S;200;50
ernest_shackleton;Ernest Shackleton;Ernest Shackleton;2;100;35;;;;;;;;;;;;;;130;;;;S;300;75
ernest_shackleton;Ernest Shackleton;Ernest Shackleton;3;100;26;;;;;;;;;;;;;100;;;;;S;400;100
ernest_shackleton;Ernest Shackleton;Ernest Shackleton;4;100;31;;;;;;;;;;;;;120;;;;;S;600;150
ernest_shackleton;Ernest Shackleton;Ernest Shackleton;5;100;36;;;;;;;;;;;;;140;;;;;S;800;200
